{"cameraMode":{"drawMode":0,"name":"Shaded","section":"Shading Mode"},"sceneLighting":false,"audioPlay":false,"sceneViewState":{"showFog":true,"showMaterialUpdate":false,"showSkybox":true,"showFlares":true,"showImageEffects":true,"showParticleSystems":true},"in2DMode":false,"pivot":{"x":-1.136190414428711,"y":0.7031159400939941,"z":-0.8929052352905273},"rotation":{"x":-0.05984317883849144,"y":0.8534945845603943,"z":-0.1005849689245224,"w":-0.5077879428863525},"size":10.0,"orthographic":false}