{"cameraMode":{"drawMode":0,"name":"Shaded","section":"Shading Mode"},"sceneLighting":false,"audioPlay":false,"sceneViewState":{"showFog":true,"showMaterialUpdate":false,"showSkybox":false,"showFlares":true,"showImageEffects":true,"showParticleSystems":true},"in2DMode":false,"pivot":{"x":5.960464477539063e-8,"y":1.0,"z":-1.1920928955078126e-7},"rotation":{"x":0.0006138884928077459,"y":0.9982343316078186,"z":-0.05846342444419861,"w":0.010481847450137139},"size":1.2247449159622193,"orthographic":false}