{"cameraMode":{"drawMode":0,"name":"Shaded","section":"Shading Mode"},"sceneLighting":false,"audioPlay":false,"sceneViewState":{"showFog":true,"showMaterialUpdate":false,"showSkybox":true,"showFlares":true,"showImageEffects":true,"showParticleSystems":true},"in2DMode":false,"pivot":{"x":-1.7141823768615723,"y":1.4533886909484864,"z":-1.3869097232818604},"rotation":{"x":-0.05425512045621872,"y":0.8953381776809692,"z":-0.11369223147630692,"w":-0.42720741033554079},"size":0.5200828313827515,"orthographic":false}