{"cameraMode":{"drawMode":0,"name":"Shaded","section":"Shading Mode"},"sceneLighting":false,"audioPlay":false,"sceneViewState":{"showFog":true,"showMaterialUpdate":false,"showSkybox":true,"showFlares":true,"showImageEffects":true,"showParticleSystems":true},"in2DMode":false,"pivot":{"x":-1.9232263565063477,"y":1.3528070449829102,"z":-0.8695430755615234},"rotation":{"x":-0.17667357623577119,"y":0.7864574193954468,"z":-0.26176726818084719,"w":-0.5308008193969727},"size":3.520082473754883,"orthographic":false}