{"cameraMode":{"drawMode":0,"name":"Shaded","section":"Shading Mode"},"sceneLighting":false,"audioPlay":false,"sceneViewState":{"showFog":true,"showMaterialUpdate":false,"showSkybox":true,"showFlares":true,"showImageEffects":true,"showParticleSystems":true},"in2DMode":false,"pivot":{"x":10.199234008789063,"y":-14.461273193359375,"z":5.444450378417969},"rotation":{"x":-0.0944126546382904,"y":0.8511422276496887,"z":-0.48959457874298098,"w":-0.16413283348083497},"size":42.57692337036133,"orthographic":false}